Date,HAA net 5bp,60 SPY 40 IEF
2026-08-31,3.4576390313125653,2.625234105255119
2026-09-01,3.451950787336454,2.6108385949749966
2026-09-02,3.4522943840348215,2.6186977000295464
2026-09-03,3.452638243020745,2.6363071546504
2026-09-04,3.454013416676882,2.629837536716082
2026-09-08,3.454357275662806,2.6201166223067145
2026-09-09,3.454700872361173,2.6098470235760285
2026-09-10,3.455044731347096,2.5922858984541657
2026-09-11,3.455732187031387,2.6036467352505697
2026-09-14,3.4560760460173108,2.595725834594245
2026-09-15,3.4560760460173108,2.587300416495944
2026-09-16,3.4567637639891577,2.5794102125212457
2026-09-17,3.4571073606875244,2.6028908444939702
2026-09-18,3.4581386753577386,2.599809069231
2026-09-21,3.4584825343436614,2.628128773665321
2026-09-22,3.458826393329585,2.627994709315583
2026-09-23,3.459170252315508,2.6055146268765617
2026-09-24,3.459170252315508,2.5985482569471405
2026-09-25,3.4605454259716453,2.610660591877443
2026-09-28,3.4608890226700124,2.5934972766133257
