,SPY,IWM,EFA,EEM,VNQ,PDBC,IEF,TLT,TIP,SGOV,BIL
2015-11-30,0.02269859972465077,0.018127372365255495,-0.024368414055658538,-0.08776206676904519,0.0313389705615327,-0.1552363195188572,0.00654148931842205,0.004426576455190706,-0.010274066059429848,-0.0004917456595578962,-0.0004917456595578962
2015-12-31,0.01668005511453341,-0.036739840915847255,-0.016708610227187254,-0.09437840358831207,0.051513308938907154,-0.16828168166133078,0.0029728541153149213,0.001389725941701947,-0.013527574839078765,-0.0006013453998915674,-0.0006013453998915674
2016-01-29,-0.04767330653196028,-0.11074433735059527,-0.08643469188600036,-0.1305063588650949,-0.03336581185990051,-0.16841871178883613,0.024466658901054705,0.023919859416285272,-0.0053821384123050875,-0.00021848593777798464,-0.00021848593777798464
2016-02-29,-0.034965700014331025,-0.09686466104394764,-0.09852865510235173,-0.10771318807928229,-0.0013028535644544481,-0.14652294097736102,0.038607277350469704,0.06130482859042102,0.008759379209999918,-0.000327923687834325,-0.000327923687834325
2016-03-31,0.04545661285247404,-0.002896678622153065,-0.01025593241520012,0.03199164302501431,0.08615195751572163,-0.07799427565661743,0.02910038359426928,0.04535331598697517,0.027690837475376928,-0.00016381268507764668,-0.00016381268507764668
2016-04-29,0.02219820574107967,0.009134485413169857,-0.014718428678441975,-0.012196208217565258,0.04494835619869342,0.0014461714206849552,0.022520585830371448,0.03375165750852707,0.01913783905043165,0.0003284966307834092,0.0003284966307834092
2016-05-31,0.034618514327785344,0.014903741676128401,-0.010648512220824385,-0.03272648212190227,0.07798341627119854,0.007589189465974672,0.020392431730637733,0.045026096902916674,0.01187833959960563,0.00021888003046599547,0.00021888003046599547
2016-06-30,0.026483069866760744,-0.0006445081696441757,-0.03806399172002242,0.005039636150106747,0.1280109338975458,0.054243662101258916,0.05801116590909272,0.12879185686342037,0.03740325511032716,5.462148614193696e-05,5.462148614193696e-05
2016-07-29,0.07012077645211079,0.08177871117882196,0.010893035088297476,0.07682718056599977,0.15762354498763043,-0.017298650269241017,0.04046440661321565,0.10771864849203855,0.03230231369654968,0.00038253583702568816,0.00038253583702568816
2016-08-31,0.07519969552233746,0.09791387588034484,0.034365759001113716,0.10991804558523849,0.11858728653370468,0.012698825343284342,0.025585757801035558,0.0828116685313876,0.028156641239813873,0.00027319837591494034,0.00027319837591494034
2016-09-30,0.06353585859923394,0.09682117259728912,0.04760689120162637,0.09663060428273545,0.05360185338550916,0.03631644658430347,0.018878910979962138,0.0463608611483422,0.02816366832333772,0.0006560965261173668,0.0006560965261173668
2016-10-31,0.012880793232078414,0.010314136459177503,-0.010486816144426425,0.04901324872804108,-0.021441736205806333,0.014996081462897576,0.004523296763486451,0.002237482423689874,0.017813825463969396,0.0006564156151997458,0.0006564156151997458
2016-11-30,0.048884644457532545,0.11446544290890254,-0.021946975103055183,0.019240959324177354,-0.019001808608468784,0.041175544677817366,-0.030654761883618042,-0.06752495739426254,0.0008890516539645787,0.00010927362012974617,0.00010927362012974617
2016-12-30,0.06463745802700399,0.1305719130558961,0.018029134239804873,0.020565012586924558,0.01555188461999002,0.07814004780557643,-0.02789742778951551,-0.062427700966841165,0.0009463155142339363,0.0004921405227948927,0.0004921405227948927
2017-01-31,0.08847025114591439,0.1517778702921292,0.05528364962771726,0.09289053892191151,0.016206756978406955,0.09732103504940204,-0.030626630459882398,-0.06151469560045986,0.005666063383113845,0.0006562197305543527,0.0006562197305543527
2017-02-28,0.11657672516237577,0.1399403527534437,0.07257949787977347,0.10722381649357654,0.06722985809185963,0.09062903927438076,-0.014710073210302016,-0.03289132559367655,0.010511972447917683,0.0011602784085976703,0.0011602784085976703
2017-03-31,0.08306555518035591,0.0997674767207889,0.07482224861655595,0.09953744123834118,-0.001790746512980973,0.024542052140967163,-0.015832056438641023,-0.03841333741722286,0.0035058205704997514,0.000749493892848424,0.000749493892848424
2017-04-28,0.09254338117728322,0.11994789800586686,0.08371991625859809,0.09206436627107689,0.028350902561636915,-0.017625853305510003,-0.0016462584463644292,-0.011585222069966983,0.006583847655858538,0.00126445283423815,0.00126445283423815
2017-05-31,0.0801852992935197,0.05468807858075825,0.1180585802940145,0.13871404665037668,0.010415396392298742,-0.033489653972099326,0.013085154380960945,0.01854424366390503,0.010936496351655361,0.001214861520430932,0.001214861520430932
2017-06-30,0.07664227660706135,0.08779959760579475,0.10338120967352549,0.11915940751402704,0.011642343617408984,-0.05106844194275825,-0.0014472694493472826,0.008790057857565814,-0.003203451963614823,0.0022507270318462003,0.0022507270318462003
2017-07-31,0.0790903189329698,0.0674765368568308,0.10428166815043266,0.14105063229285852,0.008238610700821658,0.016153564204523296,-0.00037271885202416755,-0.010678345499797348,-0.001368702692866347,0.0019165968120778976,0.0019165968120778976
2017-08-31,0.06272727771210634,0.046959907034850645,0.08311702539751828,0.13729342517003945,0.0048917828088407556,0.011279342310471119,0.011774918522894945,0.018019425331371908,0.0077477840636227535,0.0028099456304978565,0.0028099456304978565
2017-09-29,0.08137891773716122,0.10405663230109718,0.09503490009063986,0.11021730877544006,0.009588510692210728,0.03339792413253384,-0.00590321316264969,-0.010716911113100275,-0.0015747584329429964,0.0029802392771318686,0.0029802392771318686
2017-10-31,0.09896654053396586,0.10554619228310597,0.10064631843221461,0.1290572022808587,0.010531487011276708,0.06130953099365399,-0.0042365905671253035,0.0029683776489043967,0.0016040271486702229,0.0031775699329228413,0.0031775699329228413
2017-11-30,0.11049163309809601,0.11250613710710922,0.10021783543977514,0.11702045537769198,0.04737575745964667,0.06264896472803849,-0.0013700726572102584,0.019248808614726776,0.0046725036088000604,0.003337889485301615,0.003337889485301615
2017-12-29,0.10290285788146636,0.06698644141258478,0.09791652934124495,0.1583553775771298,0.021128840288819728,0.07699909074160355,0.006347089928279315,0.04101205495270366,0.017947159883174413,0.0034534930597500124,0.0034534930597500124
2018-01-31,0.1437877194866452,0.09019084355702162,0.12713841972697704,0.19470508301548461,-0.02183484373366909,0.08310535520144824,-0.01674519001047503,0.002349713768638767,0.002962762361217869,0.004216676282074616,0.004216676282074616
2018-02-28,0.06843622026068125,0.032986375136021484,0.055512622447856375,0.09373952419874224,-0.10028488686277834,0.036509761194057105,-0.025166803893927753,-0.033986397623207015,-0.009099172849886678,0.0041723216386594375,0.0041723216386594375
2018-03-29,0.03930904763113577,0.039964239244049043,0.0399408863636109,0.09345740123818991,-0.03894343900789515,0.062084688348521044,-0.008670828209670162,0.0045273948093709215,0.002958940803229837,0.0049476346308602315,0.0049476346308602315
2018-04-30,0.029369813566273495,0.03571902401540855,0.03465611401972174,0.028746195952970538,-0.02861101854804665,0.08548021604980893,-0.02109711807668993,-0.01933267206922948,-0.0004717722974158234,0.0049727095701977975,0.0049727095701977975
2018-05-31,0.05025359521427081,0.1054998208568737,0.01198458156085,0.015598182467681243,0.02128440809551585,0.11176614075557884,-0.007197247464062556,0.006920474876340649,0.00564741773866978,0.0058339434298450565,0.0058339434298450565
2018-06-29,0.05234761393983317,0.0846468767959006,-0.001387383266120118,-0.036716734637613574,0.03867730824273696,0.07338288537007956,-0.009797359837625197,-0.005176014663676232,0.008657462328121257,0.0061803922069714745,0.0061803922069714745
2018-07-31,0.06831295408564142,0.08895529892483323,0.008412536856500896,-0.017749976824307095,0.04015765391763099,0.02286733590228676,-0.007859377524138872,-0.0061083061040179965,0.0029703817424396595,0.006530071890768985,0.006530071890768985
2018-08-31,0.09524106449819231,0.13022216482932963,-0.0044884307144906765,-0.049457789836017646,0.07860416967783596,0.04070886901067591,-0.00010560971109629946,0.005120416885431578,0.009972931807320284,0.00690464025942511,0.00690464025942511
2018-09-28,0.09388090469116289,0.07027764038069553,0.010831917871243463,-0.03544374646049611,0.02269660928967232,0.0663773906064562,-0.014520050841761584,-0.029790597008545944,-0.003790470157320147,0.007032674041671683,0.007032674041671683
2018-10-31,0.0003091312299718929,-0.0501577131008909,-0.08737327793752375,-0.1275032540916177,-0.001696008092699347,-0.012440953300504765,-0.009537116441231563,-0.0427044243522158,-0.015487193320194492,0.007611615047369125,0.007611615047369125
2018-11-30,0.01451706421960447,-0.03728108451947035,-0.0544207230419215,-0.04597165531630959,0.029669766485512006,-0.11513064071526088,8.498790312944093e-05,-0.02787739515761642,-0.00955943884523755,0.008142603617257438,0.008142603617257438
2018-12-31,-0.08455568559926138,-0.15208770707509478,-0.10768299437278497,-0.08731509322494163,-0.06625555129023888,-0.13277324232664822,0.02686443218687068,0.025689056993196402,-0.006989493748423031,0.008602383912549194,0.008602383912549194
2019-01-31,0.007119810521255765,-0.005282593786471473,-0.031133013182267272,0.01466646081581735,0.0846588152721432,-0.04793503364455562,0.0342644308089462,0.03482569929399432,0.013183394949154215,0.008795936604018173,0.008795936604018173
2019-02-28,0.016148275998896455,0.012332910382248069,-0.008059996932948205,-0.016473334160891973,0.0666282159890581,-0.004554932226966207,0.023611659183880057,0.019563578822464067,0.007696601149971172,0.009142485213824547,0.009142485213824547
2019-03-29,0.05731981217151316,0.014980399881688589,0.00909090032153076,0.008346164829716701,0.12875531935952111,-0.015439917907065198,0.04509036615855527,0.0649171361138689,0.026564498347363186,0.009301191391285935,0.009301191391285935
2019-04-30,0.09140246110837114,0.051321955228956107,0.036889637844766704,0.034499383860696425,0.09117626414469898,-0.017523409649472382,0.03562149166744272,0.04275080100574874,0.024559575906818176,0.009669616800934644,0.009669616800934644
2019-05-31,-0.00677192051795375,-0.06926618525396269,-0.0253142733800982,-0.04947110098500007,0.06808833899479039,-0.06393884852491658,0.06362658273145988,0.11241440432956645,0.04026683544303067,0.010012133177732363,0.010012133177732363
2019-06-28,0.09914142382359459,0.055574751362362146,0.06254774967427468,0.04731436634838604,0.08556651009189425,0.0008868030552180717,0.05395119329987397,0.07302262912314045,0.03547339936362853,0.010032347186717971,0.010032347186717971
2019-07-31,0.05547299495889535,0.002907990182514475,-0.00417021616431959,-0.03491078637974046,0.06672014595396436,-0.03216369908761313,0.052392348091011065,0.08182658463685538,0.033957518158058975,0.01011918415532892,0.01011918415532892
2019-08-30,0.03432327120460932,-0.049814422537084624,-0.006693741731578329,-0.03417684263135498,0.09257807385614575,-0.07121167519083049,0.08442835789782727,0.18160661545743673,0.05145373951711463,0.009974138228964424,0.009974138228964424
2019-09-30,0.03466739423578241,-0.02443742457785883,0.010287825757826663,-0.0243035983770592,0.09638309954031787,-0.06331332981601376,0.05502879068681277,0.1134954120085552,0.029604620667090603,0.009928008762990492,0.009928008762990492
2019-10-31,0.057805541040288566,0.015564778466174323,0.0565490833241708,0.037493799489836305,0.10887702515311443,-0.03782314343066809,0.06214222442273032,0.12213550617160795,0.03482631470810868,0.00977077553602368,0.00977077553602368
2019-11-29,0.10787378099825712,0.08052574509576493,0.077510485565227,0.0423908874139827,0.06797375816620232,0.0112952148059276,0.03304863783851411,0.06986988288381846,0.02636111090847104,0.00902556491140366,0.00902556491140366
2019-12-31,0.13504173801105773,0.11338406200677487,0.09889909482407933,0.11221734739206934,0.09605098117010491,0.06825470374124143,0.017430294795848122,0.02387989112706637,0.028614936784296385,0.008550456928037908,0.008550456928037908
2020-01-31,0.09299536779416925,0.03240084758669429,0.03873552160999108,-0.004060236719385518,0.0655724539435299,-0.05675779087443991,0.05270282978632046,0.11225661208156368,0.04507144095733262,0.00818072133969705,0.00818072133969705
2020-02-28,-0.006509114990382564,-0.06111993637442342,-0.03957338239969144,-0.013140091923642933,-0.019971287826339917,-0.09233625863055586,0.06803178011931127,0.14171461927820378,0.043058563283223605,0.007900709607405798,0.007900709607405798
2020-03-31,-0.12758252211368104,-0.25014151918455285,-0.1726603619222652,-0.18143838106449928,-0.20977402106639723,-0.24045147830787159,0.09819547971321824,0.19588424941930188,0.019150705404202717,0.008531587420774644,0.008531587420774644
2020-04-30,0.0028283671497078278,-0.0916828578703312,-0.09489664402640219,-0.07977789401421201,-0.0905851142032297,-0.2113036923761965,0.0836131947310792,0.18242412795896995,0.04856207054423828,0.006626916598791055,0.006626916598791055
2020-05-29,0.04692773224231356,-0.03745958617785708,-0.03277343712177694,-0.04485412587002882,-0.07946636217038863,-0.11822354462143236,0.07195001092564551,0.12061519057856054,0.039914920364848006,0.005393993825828003,0.005393993825828003
2020-06-30,0.06517879426649092,0.023525794603341976,0.007174532880987461,0.024584475379530596,-0.011817392360431833,-0.06839537207489951,0.06137468239944671,0.11965366206978933,0.05017018754882813,0.004447081406343312,0.004186877783170534
2020-07-31,0.0832441537687687,0.010844702146236757,0.012960036428155186,0.09238206782836955,-0.013064673441175373,-0.006843285460138709,0.06013463788671164,0.14173080113295544,0.057649897462441424,0.003733238115639248,0.0035877783970338917
2020-08-31,0.15804357115706846,0.07672120040906116,0.06635177015615379,0.11507048820276006,-0.014339224032070219,0.034264223663604626,0.028511832337066584,0.02955979626404867,0.050702825939228535,0.0030984732405023863,0.002880517141728711
2020-09-30,0.1283588347689848,0.08501319198300936,0.05844987065713381,0.12499162424613905,0.003725133446077916,0.015613413891111094,0.028080162937687725,0.04127988150378509,0.049749463603041694,0.002169997399945167,0.0017423198461728462
2020-10-30,0.05251769949559021,0.061889870639438405,-0.0029110843181990587,0.08821753585540881,-0.05389134775302912,-0.015062804420348908,0.009793766783141894,-0.005832201298468537,0.030001717489746643,0.0018320482114609349,0.001524181005095715
2020-11-30,0.1308440929117876,0.19993006252010415,0.11760815887105452,0.16494800950272842,0.04299214582446889,0.054360889979424926,0.02014574172472222,0.03731884656741358,0.039415286084670154,0.0016262670714474181,0.0011587270693536045
2020-12-31,0.1410178779200867,0.2446478192456683,0.12343955637507414,0.18274170481427743,0.04539135526029661,0.0674482733311523,0.018506966185068613,0.027228855537385688,0.045197544349978636,0.0013111574743944199,0.0009935750357083772
2021-01-29,0.11061059809271895,0.2746963868191396,0.11483401945284694,0.1917727421769233,0.034754455784999166,0.10632264284590265,0.0002080358484529976,-0.029189562922742107,0.03520127527441552,0.0010166962114405154,0.0006289851372778266
2021-02-26,0.12214624984714717,0.29981683960801064,0.11384093165176357,0.17204524071337052,0.06159907848552737,0.18842548165844009,-0.026643668944146437,-0.08429705086845876,0.009404151249439247,0.0006807766565472551,0.0002518097673106512
2021-03-31,0.21590721502500781,0.39481990316197285,0.18047159884005837,0.20888345644472206,0.17408837267439176,0.2100426020781581,-0.053032611677018116,-0.13099364965415863,0.013940667266706785,0.0001368788033068169,-0.0002948609075717479
2021-04-30,0.23286227505175694,0.3343197690582267,0.20180326075278743,0.18537640872658628,0.23195590582357734,0.3237452864160123,-0.03225963464765794,-0.08262738536580999,0.02214468680614104,0.0003214506248023219,-0.00024585289902570584
2021-05-28,0.17144964102632698,0.2332255868422986,0.16957135782291305,0.16329656142095644,0.1770941654165223,0.26433815912048736,-0.026393158941249883,-0.07477017740840944,0.02850614809751978,0.00035264098358772644,-0.0002567015846087206
2021-06-30,0.16682521829953162,0.2127041402870039,0.11634594825972994,0.12986054785934947,0.17524497457062888,0.26813088370714366,-0.010925074393193901,-0.017778776834343785,0.028661539243695022,0.00023261288598214191,-0.00042918002519001797
2021-07-30,0.15859215787196707,0.13568078314044815,0.11590042159596509,0.0193611519338186,0.1866410434854115,0.22574476021706108,0.0042184212972118384,-0.0003176487000851602,0.0437137518792613,0.00019262738923553346,-0.0005103696674372271
2021-08-31,0.15381684583679245,0.13308141371861004,0.10010517678233771,0.037204083812806016,0.18646451985781926,0.14501325133446816,0.002571364143718474,0.013786092356046498,0.034788894379130575,0.00018264255716748945,-0.0005384754767229216
2021-09-30,0.08710586028840933,0.09917800019866954,0.06326321151558875,-0.004262528162638418,0.10177192552006525,0.21500753800054917,-0.009697326703003828,-0.013595916530397129,0.02696000342917576,0.0001975220879825712,-0.0002644798221014544
2021-10-29,0.16367597084514518,0.1499634031147588,0.10772217006330959,0.025172676831131086,0.17332083595755648,0.2495998539742582,-0.014169582380795048,0.010306357830149382,0.031692419659207494,0.00011231911970796538,-0.00040190151171057287
2021-11-30,0.09290546558018578,0.028483899145061276,-0.0019271705107235249,-0.04947776519730662,0.09176943251408406,0.09323991095940451,-0.003207072678827999,0.028835928014102646,0.03234811527222137,0.00011963107071832901,-0.0005113889628987345
2021-12-31,0.14030595570992316,0.040950725990200776,0.05088313984523135,-0.03456986910068213,0.20262096068971758,0.14699225460641635,-0.009131158282974255,0.0003148311319709496,0.03154719817609308,0.00022745268687024423,-0.0004375059813933879
2022-01-31,0.04880301302624232,-0.07651182098486445,-0.005293210161474077,-0.03309484192099679,0.050247740112231515,0.18930143584076287,-0.029863326279219254,-0.04023696767144169,-0.0007611947884340886,0.00018250032174343955,-0.0003829045347830129
2022-02-28,0.017244943149390207,-0.05232466952739412,-0.028682418251172653,-0.07019939652250329,0.0236585681079223,0.24238006468468792,-0.023477916482267547,-0.037670455298067035,0.015715012109119547,0.00023993227311608356,-0.0004918972622181828
2022-03-31,0.05135151970955801,-0.04569970476360108,-0.02374867318169188,-0.08431123482961655,0.07396265043156086,0.30203241855601065,-0.051708439331197925,-0.06201291224710037,-0.0037920548132455434,0.0004623782178697078,2.2017712134031475e-05
2022-04-29,-0.06645759833780343,-0.13319842789151679,-0.09613542645444678,-0.13717503552486723,-0.0027000819892184225,0.28088525422547456,-0.0785233317120661,-0.14031942270019274,-0.02222544195841597,0.0006374125148795873,-0.0001745218275530369
2022-05-31,-0.035160336079804844,-0.10039159721093169,-0.04997562316031204,-0.10081118802453967,-0.02832073596356216,0.32061718439939485,-0.06490501249480635,-0.13862104740081163,-0.03311520640733906,0.00098255073083503,0.0003172647988467503
2022-06-30,-0.13738623203689235,-0.18632620652695467,-0.1456258430561726,-0.14595927356990243,-0.12845648066032486,0.15289971121706522,-0.06592965033908987,-0.13714545925007737,-0.05906784769430798,0.0015849895808836,0.0009522812839514172
2022-07-29,-0.007051912786677383,-0.022082488184231613,-0.05554187539868077,-0.10870969791003329,-0.014076670968577648,0.103563982108936,-0.024715048504430848,-0.08889278571746562,-0.006381187406255734,0.0017980551741844097,0.0011735261654107765
2022-08-31,-0.07006611480377795,-0.07489392983524085,-0.12543926996275923,-0.11493114986050793,-0.07928384199178434,0.07088867882242114,-0.06938651605653623,-0.1267900907693499,-0.04290926421960173,0.003704049604936255,0.0030227600717555037
2022-09-30,-0.12482934933367446,-0.13611166384894874,-0.16747481132353298,-0.18946716336287478,-0.1683655220937244,-0.018021581256992047,-0.08971857617767731,-0.1694671139780072,-0.08778228987462858,0.005269730844775389,0.004273360531692583
2022-10-31,-0.04461095417094926,-0.022749333975205316,-0.09689493794639542,-0.16583899980323444,-0.1298790029233926,0.027152332736660817,-0.08724641380551737,-0.18955834176199707,-0.06509865349153687,0.006462728601503709,0.005312278362941791
2022-11-30,-0.0011191044562757768,-0.01567166859020397,0.027422747730970254,-0.0197350287775106,-0.05622623236630217,0.0484092556370167,-0.04495268500351329,-0.10486826755712725,-0.04464785193875434,0.00833188709214322,0.007567570560222225
2022-12-30,-0.03530062367102968,-0.04206218517592447,0.017315853944757015,-0.042331428890526934,-0.08537031870358902,0.03280685818881007,-0.05299445212250445,-0.11926242827767908,-0.03797108239704633,0.01057360272055069,0.009712646898096422
2023-01-31,0.008390007414588035,0.03633634232014754,0.09068701550053035,0.05932813710953602,0.012318306979795302,0.02246714700868596,-0.01370706692972326,-0.026227826337857224,-0.023742704695605216,0.012227396638134769,0.011182025449064936
2023-02-28,-0.028737694558961135,-0.008447968875494871,0.026773378902792466,-0.06789967745898987,-0.06494184962837024,-0.04602818477149698,-0.053627917785678964,-0.095934610296076,-0.04206717764908893,0.01377993061608701,0.012732649998352663
2023-03-31,0.04732505128597739,-0.011901099270439197,0.10003114806742616,0.02918041111111111,-0.03631681558081715,-0.03185218300146547,0.01586947137108935,0.0004996636345190597,0.014426154828822924,0.015559023049436849,0.014346443022533628
2023-04-28,0.03894965869083011,-0.04333529716993076,0.10130534210463227,0.011250668966049315,-0.05239861396307194,-0.06344466375135116,0.020078836733415845,0.01094578692609649,0.004052261688608588,0.01657054256974555,0.015932275575228305
2023-05-31,0.03144169211430442,-0.04831813048145392,0.01799277384657766,-0.03174452520409582,-0.08130960139868529,-0.12367876984220932,0.0011388363800639567,-0.02106196505366248,-0.006900682798046509,0.018190400790009997,0.017069357410460062
2023-06-30,0.12842044873028435,0.08452853970569468,0.09698255342472556,0.028942643189723505,0.01725973804020925,-0.05975153653912038,-0.011124434939114164,-0.013384329084513785,-0.003322564540879702,0.019665379223458568,0.018673793059336363
2023-07-31,0.10037610109252926,0.0803591344793177,0.06877869521150415,0.059310562669309175,-0.02151766177137665,0.018424190555414416,-0.032085501634264324,-0.06326411537535709,-0.01755497568799158,0.02081393566920342,0.019710023621811956
2023-08-31,0.09220592703870481,0.02274836656428761,0.05675465917309494,0.004122572492166882,-0.02083899602072825,0.02797213309239127,-0.016550096336519687,-0.057570745733468404,-0.012774941065366613,0.022242053088447733,0.02146366218455853
2023-09-29,0.04693695156524852,-0.005891920906955339,0.038379396071219984,0.002669348301457125,-0.06022179977738193,0.05294351907789824,-0.039772603855354666,-0.11761671321062236,-0.018708347955976756,0.022491993198325733,0.021565093002989366
2023-10-31,0.0019154807515658623,-0.09490605491885454,-0.012757175703409673,-0.028632218169515555,-0.0898999586541232,-0.002147338922670411,-0.047364050188017565,-0.12896208368635884,-0.024789394501073814,0.02349862755903831,0.022641463133673156
2023-11-30,0.08641592096640371,0.016181370897645347,0.06033110633979405,0.03902631529476619,0.034082509735327726,-0.00562831278767692,-0.0025303534577842957,-0.02963375136523458,0.004558910086457424,0.023940079597424058,0.023299904709912
2023-12-29,0.1260528123905676,0.1275178095787748,0.0991256243851168,0.060094955488814994,0.11903244556163017,-0.03770389254368031,0.03867682454005017,0.056334815288176715,0.031208257275753604,0.023981826393600802,0.023354708861642315
2024-01-31,0.11102500679775396,0.03469500654358204,0.05785715363664401,-0.023458233596519995,0.02041731906427041,-0.03233567897282638,0.02792946042986022,0.015770234396458388,0.02506121519782717,0.02437477762832818,0.023818909018013423
2024-02-29,0.15209235623222178,0.09559119372099889,0.08800356571256213,0.04651908480504585,0.0457415432817202,-0.03709997278371008,0.004899651718771991,-0.007956249265992421,0.011962132102545986,0.024477236779791023,0.023927144708170978
2024-03-28,0.16629454043632058,0.11939856987495667,0.10456317696607037,0.05522355024153086,0.06483485937928321,0.017914851539997834,0.007287560021574435,-0.0049567154251042855,0.012890190043617022,0.024307490556057576,0.02385541170215294
2024-04-30,0.10894337835593046,0.0703525207624984,0.06226726196250193,0.06981435235540026,-0.0028298169467582956,0.024586176582945096,-0.023114512815493787,-0.05187695897312797,-0.004901634745104022,0.024608603906699944,0.024108297156420988
2024-05-31,0.13398510521463974,0.10395680261494189,0.10523685323876875,0.06614288131325219,0.03788530605381557,0.045810805097967866,-0.00037982017967364,-0.020559722797755114,0.01564247099928945,0.024977579849217224,0.024391923430635565
2024-06-28,0.11904933507867926,0.017696757018156067,0.03761062884410982,0.06028145241153021,0.00337543936013715,0.03632491567238977,-0.0007481865639645535,-0.033022709597665345,0.012006653241644905,0.02444188911572681,0.023986065898859432
2024-07-31,0.12021469631163251,0.1395382033485632,0.07148091778015425,0.0601033947773984,0.10909858932577032,-0.025886543528311712,0.03487359270772605,0.02676916772949428,0.030999122868831608,0.024718856404452594,0.02439356716348634
2024-08-30,0.12032251643019781,0.08114279057321244,0.09016547388607837,0.07067900800335492,0.137487984746351,-0.03033972543445923,0.04410421368747991,0.04544306308962054,0.0351707098118158,0.024778836656079217,0.02438451864575575
2024-09-30,0.13567037054339492,0.10545096942420934,0.09776996079103978,0.12451133197329944,0.17446558176244198,-0.03329461816105175,0.058674352461360935,0.07685696928074442,0.05022012916616164,0.024708273589726104,0.02443485711478921
2024-10-31,0.1361668723082249,0.1051259449939003,0.048945305954404744,0.08466885508232402,0.14246467206933672,-0.011500620108183007,0.025780730781080036,0.037419901169276626,0.029199757456819214,0.02441437867110058,0.02403490039350259
2024-11-29,0.15492632043827204,0.18981721398220958,0.01541651418942555,0.033729445353407495,0.1347542658257771,-0.021450469887758394,0.024767121136413023,0.0326214275728669,0.025015571731094033,0.023806613995613957,0.023268466456389192
2024-12-31,0.08339279346423242,0.03235341555431118,-0.02494455331806772,-0.006566993060591442,-0.007379657452077915,0.002929603028092309,-0.016607358324455673,-0.06682534327528572,-0.0055218617129906555,0.023561015620684134,0.023247449588806313
2025-01-31,0.11267948384710513,0.06857453270476804,0.03771613416411021,0.03741301905861413,0.032377023212464606,0.024174985134568172,-0.0037745913780783957,-0.0363834651826937,0.011870571820297604,0.022922222287285632,0.022543559745608843
2025-02-28,0.05552396453654809,-0.028645970657892206,0.040576285706865556,0.036664051936763864,0.03724651354170097,0.03649159730315832,0.022047293770585563,0.012866175029523114,0.02967351759632869,0.02204166779150063,0.021692773515932795
2025-03-31,-0.008540389307681945,-0.07409378543228001,0.0322107302644756,0.028621979174369427,0.00981973231521105,0.039386097197666836,0.01904200624428018,-0.00336259389505586,0.030212612054733412,0.021437519460292875,0.021049361220008944
2025-04-30,0.003933784126196577,-0.06382208125830788,0.08050508020979535,0.029977835997814617,0.018395518888467244,-0.0692774019254381,0.04463161571797308,0.015309543953008126,0.03560765578352593,0.021229529381014245,0.02067888430516812
2025-05-30,0.043499567996175964,-0.03244697700860183,0.10117653688631884,0.06974465387148099,0.004470238147445849,-0.03554468903251887,0.014722543794798926,-0.039263137294476336,0.017393977526068444,0.0208337180157247,0.020571043945125156
2025-06-30,0.0922744114760134,0.049282677654618134,0.12903302485696821,0.12805860447506606,0.031160376172866266,-0.007353532259035095,0.03597247327473929,0.009378902993525617,0.029305064893143107,0.020508129539188957,0.020176866792739723
2025-07-31,0.09615563461292842,0.027619309005648296,0.06908178054449576,0.10890778285010133,0.012111605543257076,0.03304724404418585,0.014175156640896525,-0.015288960407907864,0.018712997050163327,0.020487734373827837,0.020043986527721602
2025-08-29,0.09222447397453198,0.10093952489056168,0.09268292948452173,0.11954486870780356,0.02174062306823732,0.01941281105298362,0.024924788128715902,-0.02274562863864027,0.029102417686143467,0.020454513034182997,0.0199812472056341
2025-09-30,0.12244065114150199,0.12080614375068066,0.09466652709152396,0.15182797703747947,0.010529310119685054,0.018528182497466905,0.01896724892860646,0.003762640243773485,0.021379822617265898,0.019950540445192733,0.01963797834080483
2025-10-31,0.1392385078929798,0.1392254839507972,0.1139533542848184,0.18192109554559632,-5.150685563443114e-05,0.039802746726918414,0.03240531330913882,0.028932675131646046,0.02815808664330477,0.01993282585869094,0.019589855028336323
2025-11-28,0.09460371528300776,0.08259919799076548,0.09533593770656767,0.14146060512664194,0.008525478187643654,0.05483529005829518,0.03713436376414253,0.03183805932785372,0.02583386590167458,0.01915319250259956,0.01881341128266656
2025-12-31,0.07866712027212175,0.07201581149096487,0.12086398646419333,0.13773492371812712,-0.0002207688280813913,0.03527822910375977,0.02713392394779282,0.004739392316215452,0.02007438190498609,0.01924705611280264,0.018769761674571728
2026-01-30,0.07414813679761922,0.11575931452868454,0.15580002883583638,0.2038843763882559,0.03337583252925397,0.11700353009958342,0.024782841704645037,0.009312163734365303,0.022463317456816012,0.0185105102302055,0.018233918219659973
2026-02-27,0.058942350583381986,0.10280148525115812,0.17097716448125194,0.24593509569707994,0.05676408222171103,0.12116004201238278,0.03642153314312846,0.04082274949655168,0.023781159004266306,0.018034931841406976,0.017700436974314282
2026-03-31,0.016152705078560897,0.06161298135978635,0.055800249285994835,0.08877708396817197,-0.01046165152345721,0.2819509611216829,0.005713661975381534,-0.013542759647199754,0.005496315431673449,0.017753834755754816,0.017423882813965397
2026-04-30,0.12923347192380275,0.19247410429880113,0.10552142229380174,0.2202039767644451,0.09847192402370314,0.3277225552939172,0.0060766073915921315,-0.011198755074296601,0.017411960292404327,0.017488852815153444,0.01711968284413168
2026-05-29,0.1424647379555059,0.19072041420924252,0.09046922348072597,0.2481508126467143,0.04672221555488584,0.23067813826917347,0.001017758641141786,-0.0071958960175580455,0.014562544785293313,0.01737649286657883,0.017274544679039272
2026-06-30,0.11597803165503101,0.22093692420605454,0.09851707043797842,0.22902192319630815,0.08725244912304381,0.07041681200185815,0.007178597797511538,0.013591146811389787,0.012026047174661603,0.017175630672154052,0.016803169904200055
2026-07-31,0.08069124078898166,0.12164455428554985,0.09420806367634843,0.0948363653761318,0.08163538355966099,0.1567972892119833,-0.004979988609186581,-0.029597637316238684,0.0022179562354757987,0.017360669720958122,0.01714115558097079
2026-08-31,0.0924500067386696,0.10393921966230474,0.07744554382374091,0.11869112051801772,0.026215803183000763,0.20818013538085806,-0.010387080502206242,-0.02332007987218271,-0.003977641902290219,0.016985475648536696,0.016669989894376902
2026-09-30,0.0890540212021163,0.04037839550408659,0.05106163241582182,0.10758250173843484,-0.01981805432310646,0.21435209526331112,-0.04047269228576386,-0.07874087847701111,-0.026455617914146162,0.016958662424220783,0.016593081335428417
