date,traded_notional,SPY,IWM,EFA,EEM,VNQ,PDBC,IEF,TLT,TIP,BIL
2015-11-30,1.0,0.0,0.0,0.0,0.0,0.0,0.0,0.0,0.0,0.0,1.0
2015-12-01,2.0,0.0,0.0,0.0,0.0,0.0,0.0,1.0,0.0,0.0,0.0
2016-01-04,0.0,0.0,0.0,0.0,0.0,0.0,0.0,1.0,0.0,0.0,0.0
2016-02-01,0.0,0.0,0.0,0.0,0.0,0.0,0.0,1.0,0.0,0.0,0.0
2016-03-01,0.5,0.0,0.0,0.0,0.0,0.0,0.0,0.75,0.25,0.0,0.0
2016-04-01,1.4999999999999996,0.25,0.0,0.0,0.25,0.25,0.0,0.0,0.25,0.0,0.0
2016-05-02,0.5091481265210196,0.25,0.0,0.0,0.0,0.25,0.0,0.25,0.25,0.0,0.0
2016-06-01,0.0059900305014854716,0.25,0.0,0.0,0.0,0.25,0.0,0.25,0.25,0.0,0.0
2016-07-01,0.5060009361073469,0.0,0.0,0.0,0.0,0.25,0.25,0.25,0.25,0.0,0.0
2016-08-01,0.9999999999999997,0.0,0.25,0.0,0.25,0.25,0.0,0.0,0.25,0.0,0.0
2016-09-01,0.02056828082450904,0.0,0.25,0.0,0.25,0.25,0.0,0.0,0.25,0.0,0.0
2016-10-03,0.514415657365379,0.25,0.25,0.0,0.25,0.25,0.0,0.0,0.0,0.0,0.0
2016-11-01,0.5076132423509596,0.25,0.25,0.0,0.25,0.0,0.25,0.0,0.0,0.0,0.0
2016-12-01,0.04343995331546835,0.25,0.25,0.0,0.25,0.0,0.25,0.0,0.0,0.0,0.0
2017-01-03,0.007169812212278859,0.25,0.25,0.0,0.25,0.0,0.25,0.0,0.0,0.0,0.0
2017-02-01,0.017740305815450164,0.25,0.25,0.0,0.25,0.0,0.25,0.0,0.0,0.0,0.0
2017-03-01,0.018074251162583488,0.25,0.25,0.0,0.25,0.0,0.25,0.0,0.0,0.0,0.0
2017-04-03,0.5076441234422981,0.25,0.25,0.25,0.25,0.0,0.0,0.0,0.0,0.0,0.0
2017-05-01,0.006518381141292606,0.25,0.25,0.25,0.25,0.0,0.0,0.0,0.0,0.0,0.0
2017-06-01,0.013743549401798977,0.25,0.25,0.25,0.25,0.0,0.0,0.0,0.0,0.0,0.0
2017-07-03,2.0,0.0,0.0,0.0,0.0,0.0,0.0,0.0,0.0,0.0,1.0
2017-08-01,0.0,0.0,0.0,0.0,0.0,0.0,0.0,0.0,0.0,0.0,1.0
2017-09-01,2.0,0.25,0.25,0.25,0.25,0.0,0.0,0.0,0.0,0.0,0.0
2017-10-02,2.0,0.0,0.0,0.0,0.0,0.0,0.0,0.0,0.0,0.0,1.0
2017-11-01,2.0,0.25,0.25,0.25,0.25,0.0,0.0,0.0,0.0,0.0,0.0
2017-12-01,0.017758488688420088,0.25,0.25,0.25,0.25,0.0,0.0,0.0,0.0,0.0,0.0
2018-01-02,0.5063607732462835,0.25,0.0,0.25,0.25,0.0,0.25,0.0,0.0,0.0,0.0
2018-02-01,0.5000000000000002,0.25,0.25,0.25,0.25,0.0,0.0,0.0,0.0,0.0,0.0
2018-03-01,2.0000000000000004,0.0,0.0,0.0,0.0,0.0,0.0,0.0,0.0,0.0,1.0
2018-04-02,2.0,0.0,0.25,0.25,0.25,0.0,0.25,0.0,0.0,0.0,0.0
2018-05-01,1.9999999999999998,0.0,0.0,0.0,0.0,0.0,0.0,0.0,0.0,0.0,1.0
2018-06-01,2.0,0.25,0.25,0.0,0.0,0.25,0.25,0.0,0.0,0.0,0.0
2018-07-02,0.017880312457265235,0.25,0.25,0.0,0.0,0.25,0.25,0.0,0.0,0.0,0.0
2018-08-01,0.01549514724456258,0.25,0.25,0.0,0.0,0.25,0.25,0.0,0.0,0.0,0.0
2018-09-04,0.011719926327589475,0.25,0.25,0.0,0.0,0.25,0.25,0.0,0.0,0.0,0.0
2018-10-01,2.0,0.0,0.0,0.0,0.0,0.0,0.0,0.0,0.0,0.0,1.0
2018-11-01,0.0,0.0,0.0,0.0,0.0,0.0,0.0,0.0,0.0,0.0,1.0
2018-12-03,0.0,0.0,0.0,0.0,0.0,0.0,0.0,0.0,0.0,0.0,1.0
2019-01-02,2.0,0.0,0.0,0.0,0.0,0.0,0.0,1.0,0.0,0.0,0.0
2019-02-01,1.5,0.0,0.0,0.0,0.25,0.25,0.0,0.25,0.25,0.0,0.0
2019-03-01,0.5064740895914586,0.25,0.0,0.0,0.0,0.25,0.0,0.25,0.25,0.0,0.0
2019-04-01,0.011733383142941617,0.25,0.0,0.0,0.0,0.25,0.0,0.25,0.25,0.0,0.0
2019-05-01,0.5059915485854054,0.25,0.25,0.0,0.0,0.25,0.0,0.0,0.25,0.0,0.0
2019-06-03,0.9999999999999999,0.0,0.0,0.0,0.0,0.25,0.0,0.5,0.25,0.0,0.0
2019-07-01,1.0029071228466078,0.25,0.0,0.25,0.0,0.25,0.0,0.0,0.25,0.0,0.0
2019-08-01,0.5029785792004079,0.25,0.0,0.0,0.0,0.25,0.0,0.25,0.25,0.0,0.0
2019-09-03,0.02933723087975565,0.25,0.0,0.0,0.0,0.25,0.0,0.25,0.25,0.0,0.0
2019-10-01,0.012412955776048007,0.25,0.0,0.0,0.0,0.25,0.0,0.25,0.25,0.0,0.0
2019-11-01,0.020910475812705942,0.25,0.0,0.0,0.0,0.25,0.0,0.25,0.25,0.0,0.0
2019-12-02,1.0030947067932394,0.25,0.25,0.25,0.0,0.0,0.0,0.0,0.25,0.0,0.0
2020-01-02,0.4999999999999999,0.25,0.25,0.25,0.25,0.0,0.0,0.0,0.0,0.0,0.0
2020-02-03,1.5,0.25,0.0,0.0,0.0,0.25,0.0,0.25,0.25,0.0,0.0
2020-03-02,0.9862544919033266,0.0,0.0,0.0,0.0,0.0,0.0,0.75,0.25,0.0,0.0
2020-04-01,0.01584486296994908,0.0,0.0,0.0,0.0,0.0,0.0,0.75,0.25,0.0,0.0
2020-05-01,0.5000000000000003,0.25,0.0,0.0,0.0,0.0,0.0,0.5,0.25,0.0,0.0
2020-06-01,0.03344622452243792,0.25,0.0,0.0,0.0,0.0,0.0,0.5,0.25,0.0,0.0
2020-07-01,0.4999999999999998,0.25,0.0,0.0,0.25,0.0,0.0,0.25,0.25,0.0,0.0
2020-08-03,0.020535644801215253,0.25,0.0,0.0,0.25,0.0,0.0,0.25,0.25,0.0,0.0
2020-09-01,0.9999999999999999,0.25,0.25,0.25,0.25,0.0,0.0,0.0,0.0,0.0,0.0
2020-10-01,0.00900875679370447,0.25,0.25,0.25,0.25,0.0,0.0,0.0,0.0,0.0,0.0
2020-11-02,0.5092352692133437,0.25,0.25,0.0,0.25,0.0,0.0,0.25,0.0,0.0,0.0
2020-12-01,0.4999999999999997,0.25,0.25,0.25,0.25,0.0,0.0,0.0,0.0,0.0,0.0
2021-01-04,0.018376012685461407,0.25,0.25,0.25,0.25,0.0,0.0,0.0,0.0,0.0,0.0
2021-02-01,0.02941191488096362,0.25,0.25,0.25,0.25,0.0,0.0,0.0,0.0,0.0,0.0
2021-03-01,0.5143762220547557,0.25,0.25,0.0,0.25,0.0,0.25,0.0,0.0,0.0,0.0
2021-04-01,0.020379156491870387,0.25,0.25,0.0,0.25,0.0,0.25,0.0,0.0,0.0,0.0
2021-05-03,0.5110452521171718,0.25,0.25,0.0,0.0,0.25,0.25,0.0,0.0,0.0,0.0
2021-06-01,0.014838866930544398,0.25,0.25,0.0,0.0,0.25,0.25,0.0,0.0,0.0,0.0
2021-07-01,0.006537823049231256,0.25,0.25,0.0,0.0,0.25,0.25,0.0,0.0,0.0,0.0
2021-08-02,0.02750438963403551,0.25,0.25,0.0,0.0,0.25,0.25,0.0,0.0,0.0,0.0
2021-09-01,0.015929923937184343,0.25,0.25,0.0,0.0,0.25,0.25,0.0,0.0,0.0,0.0
2021-10-01,0.04197537905498744,0.25,0.25,0.0,0.0,0.25,0.25,0.0,0.0,0.0,0.0
2021-11-01,0.006482943918935835,0.25,0.25,0.0,0.0,0.25,0.25,0.0,0.0,0.0,0.0
2021-12-01,0.5191919196933122,0.25,0.0,0.0,0.0,0.25,0.25,0.0,0.25,0.0,0.0
2022-01-03,0.4999999999999997,0.25,0.0,0.25,0.0,0.25,0.25,0.0,0.0,0.0,0.0
2022-02-01,2.0,0.0,0.0,0.0,0.0,0.0,0.0,0.0,0.0,0.0,1.0
2022-03-01,1.5,0.25,0.0,0.0,0.0,0.25,0.25,0.0,0.0,0.0,0.25
2022-04-01,1.5233586383367266,0.0,0.0,0.0,0.0,0.0,0.0,0.0,0.0,0.0,1.0
2022-05-02,0.0,0.0,0.0,0.0,0.0,0.0,0.0,0.0,0.0,0.0,1.0
2022-06-01,0.0,0.0,0.0,0.0,0.0,0.0,0.0,0.0,0.0,0.0,1.0
2022-07-01,0.0,0.0,0.0,0.0,0.0,0.0,0.0,0.0,0.0,0.0,1.0
2022-08-01,0.0,0.0,0.0,0.0,0.0,0.0,0.0,0.0,0.0,0.0,1.0
2022-09-01,0.0,0.0,0.0,0.0,0.0,0.0,0.0,0.0,0.0,0.0,1.0
2022-10-03,0.0,0.0,0.0,0.0,0.0,0.0,0.0,0.0,0.0,0.0,1.0
2022-11-01,0.0,0.0,0.0,0.0,0.0,0.0,0.0,0.0,0.0,0.0,1.0
2022-12-01,0.0,0.0,0.0,0.0,0.0,0.0,0.0,0.0,0.0,0.0,1.0
2023-01-03,0.0,0.0,0.0,0.0,0.0,0.0,0.0,0.0,0.0,0.0,1.0
2023-02-01,0.0,0.0,0.0,0.0,0.0,0.0,0.0,0.0,0.0,0.0,1.0
2023-03-01,0.0,0.0,0.0,0.0,0.0,0.0,0.0,0.0,0.0,0.0,1.0
2023-04-03,2.0,0.25,0.0,0.25,0.25,0.0,0.0,0.25,0.0,0.0,0.0
2023-05-01,0.013181322058261863,0.25,0.0,0.25,0.25,0.0,0.0,0.25,0.0,0.0,0.0
2023-06-01,2.0,0.0,0.0,0.0,0.0,0.0,0.0,0.0,0.0,0.0,1.0
2023-07-03,0.0,0.0,0.0,0.0,0.0,0.0,0.0,0.0,0.0,0.0,1.0
2023-08-01,0.0,0.0,0.0,0.0,0.0,0.0,0.0,0.0,0.0,0.0,1.0
2023-09-01,0.0,0.0,0.0,0.0,0.0,0.0,0.0,0.0,0.0,0.0,1.0
2023-10-02,0.0,0.0,0.0,0.0,0.0,0.0,0.0,0.0,0.0,0.0,1.0
2023-11-01,0.0,0.0,0.0,0.0,0.0,0.0,0.0,0.0,0.0,0.0,1.0
2023-12-01,2.0,0.25,0.0,0.25,0.25,0.25,0.0,0.0,0.0,0.0,0.0
2024-01-02,0.5076673792412175,0.25,0.25,0.25,0.0,0.25,0.0,0.0,0.0,0.0,0.0
2024-02-01,0.5089453100504878,0.25,0.25,0.25,0.0,0.0,0.0,0.25,0.0,0.0,0.0
2024-03-01,0.5000000000000004,0.25,0.25,0.25,0.25,0.0,0.0,0.0,0.0,0.0,0.0
2024-04-01,0.5017487534043961,0.25,0.25,0.25,0.0,0.25,0.0,0.0,0.0,0.0,0.0
2024-05-01,2.0,0.0,0.0,0.0,0.0,0.0,0.0,0.0,0.0,0.0,1.0
2024-06-03,2.0,0.25,0.25,0.25,0.25,0.0,0.0,0.0,0.0,0.0,0.0
2024-07-01,0.5122280362834157,0.25,0.0,0.25,0.25,0.0,0.25,0.0,0.0,0.0,0.0
2024-08-01,1.0,0.25,0.25,0.25,0.0,0.25,0.0,0.0,0.0,0.0,0.0
2024-09-03,0.02039607716706643,0.25,0.25,0.25,0.0,0.25,0.0,0.0,0.0,0.0,0.0
2024-10-01,0.5002182736031754,0.25,0.25,0.0,0.25,0.25,0.0,0.0,0.0,0.0,0.0
2024-11-01,0.021371107163341535,0.25,0.25,0.0,0.25,0.25,0.0,0.0,0.0,0.0,0.0
2024-12-02,0.034960869988505394,0.25,0.25,0.0,0.25,0.25,0.0,0.0,0.0,0.0,0.0
2025-01-02,2.0,0.0,0.0,0.0,0.0,0.0,0.0,0.0,0.0,0.0,1.0
2025-02-03,2.0,0.25,0.25,0.25,0.25,0.0,0.0,0.0,0.0,0.0,0.0
2025-03-03,0.5083293075389912,0.25,0.0,0.25,0.25,0.25,0.0,0.0,0.0,0.0,0.0
2025-04-01,1.0,0.0,0.0,0.25,0.25,0.0,0.25,0.25,0.0,0.0,0.0
2025-05-01,0.5000000000000002,0.0,0.0,0.25,0.25,0.25,0.0,0.25,0.0,0.0,0.0
2025-06-02,0.5187527039361495,0.25,0.0,0.25,0.25,0.0,0.0,0.25,0.0,0.0,0.0
2025-07-01,0.511208952407631,0.25,0.25,0.25,0.25,0.0,0.0,0.0,0.0,0.0,0.0
2025-08-01,0.5069659007874123,0.25,0.0,0.25,0.25,0.0,0.25,0.0,0.0,0.0,0.0
2025-09-02,0.5005561259724229,0.25,0.25,0.25,0.25,0.0,0.0,0.0,0.0,0.0,0.0
2025-10-01,0.013669444550058002,0.25,0.25,0.25,0.25,0.0,0.0,0.0,0.0,0.0,0.0
2025-11-03,0.009814300695457523,0.25,0.25,0.25,0.25,0.0,0.0,0.0,0.0,0.0,0.0
2025-12-01,0.009072951242342253,0.25,0.25,0.25,0.25,0.0,0.0,0.0,0.0,0.0,0.0
2026-01-02,0.017122482132806954,0.25,0.25,0.25,0.25,0.0,0.0,0.0,0.0,0.0,0.0
2026-02-02,0.5000000000000007,0.0,0.25,0.25,0.25,0.0,0.25,0.0,0.0,0.0,0.0
2026-03-02,0.028363514972749637,0.0,0.25,0.25,0.25,0.0,0.25,0.0,0.0,0.0,0.0
2026-04-01,0.0642416536354217,0.0,0.25,0.25,0.25,0.0,0.25,0.0,0.0,0.0,0.0
2026-05-01,0.5060056091042334,0.25,0.25,0.0,0.25,0.0,0.25,0.0,0.0,0.0,0.0
2026-06-01,0.033192437585368245,0.25,0.25,0.0,0.25,0.0,0.25,0.0,0.0,0.0,0.0
2026-07-01,0.5059953321057293,0.25,0.25,0.25,0.25,0.0,0.0,0.0,0.0,0.0,0.0
2026-08-03,0.5219723458373748,0.0,0.25,0.25,0.25,0.0,0.25,0.0,0.0,0.0,0.0
