,HAA gross,HAA net 5bp,HAA net 10bp,HAA MOC comparison 5bp,SPY,60 SPY 40 IEF
2015,-0.004577517075545656,-0.005075228317006908,-0.00557293955846927,-0.005028364041514188,-0.021290747840996382,-0.014804540031400748
2016,0.11592552714281013,0.1130745833224871,0.11022965864862977,0.11125398976587175,0.11997870782370978,0.0768795325602123
2017,0.14661390546255548,0.14170218844300386,0.13680688298281551,0.14772153866845916,0.2170538643923139,0.13724883283907885
2018,0.06938062983817939,0.06348202904674283,0.057610531770107665,0.06081871316878251,-0.045689567646008844,-0.019652358025701755
2019,0.09582388592056823,0.0913903488462382,0.08697201732392545,0.10204013930684264,0.31223819023957367,0.21966584460648875
2020,0.22301896345234606,0.21931617164772121,0.21562292645594505,0.21195310321358485,0.18331652017985323,0.1639673581042147
2021,0.23715799154426453,0.23609400350932175,0.2350306828816664,0.22582088522715482,0.2872872459158331,0.1502567406596187
2022,0.03090805388289586,0.028064748356984248,0.025227022019805645,0.03604906503908811,-0.18175344015320194,-0.16565729177033517
2023,0.09546315711281372,0.09217321455376126,0.08888987923113789,0.08657545382304743,0.2617577977739969,0.16785650284282272
2024,-0.006753717429817785,-0.010773080510897981,-0.014778778055631214,0.005087257653739075,0.24886462945796572,0.14148401117215492
2025,0.16327005953566398,0.15857848799011198,0.15390279076104352,0.1362481518915708,0.1771906377670227,0.1391741501498529
2026,0.21858722334083547,0.2160519783892103,0.21352047697705423,0.20084433488643194,0.12709214550836734,0.05618841603737312
