date,traded_notional,SPY,IWM,EFA,EEM,VNQ,PDBC,IEF,TLT,TIP,SGOV,BIL
2015-11-30,1.0,0.0,0.0,0.0,0.0,0.0,0.0,1.0,0.0,0.0,0.0,0.0
2015-12-31,0.0,0.0,0.0,0.0,0.0,0.0,0.0,1.0,0.0,0.0,0.0,0.0
2016-01-29,0.0,0.0,0.0,0.0,0.0,0.0,0.0,1.0,0.0,0.0,0.0,0.0
2016-02-29,0.5,0.0,0.0,0.0,0.0,0.0,0.0,0.75,0.25,0.0,0.0,0.0
2016-03-31,1.5001021939655295,0.25,0.0,0.0,0.25,0.25,0.0,0.0,0.25,0.0,0.0,0.0
2016-04-29,0.5097811758367916,0.25,0.0,0.0,0.0,0.25,0.0,0.25,0.25,0.0,0.0,0.0
2016-05-31,0.00801575250390521,0.25,0.0,0.0,0.0,0.25,0.0,0.25,0.25,0.0,0.0,0.0
2016-06-30,0.5059277759579275,0.0,0.0,0.0,0.0,0.25,0.25,0.25,0.25,0.0,0.0,0.0
2016-07-29,0.9999999999999998,0.0,0.25,0.0,0.25,0.25,0.0,0.0,0.25,0.0,0.0,0.0
2016-08-31,0.01871246164065246,0.0,0.25,0.0,0.25,0.25,0.0,0.0,0.25,0.0,0.0,0.0
2016-09-30,0.5094709539530209,0.25,0.25,0.0,0.25,0.25,0.0,0.0,0.0,0.0,0.0,0.0
2016-10-31,0.5070890539533083,0.25,0.25,0.0,0.25,0.0,0.25,0.0,0.0,0.0,0.0,0.0
2016-11-30,0.04305081971487115,0.25,0.25,0.0,0.25,0.0,0.25,0.0,0.0,0.0,0.0,0.0
2016-12-30,0.013284288316981252,0.25,0.25,0.0,0.25,0.0,0.25,0.0,0.0,0.0,0.0,0.0
2017-01-31,0.022482204589755944,0.25,0.25,0.0,0.25,0.0,0.25,0.0,0.0,0.0,0.0,0.0
2017-02-28,0.010536399755270431,0.25,0.25,0.0,0.25,0.0,0.25,0.0,0.0,0.0,0.0,0.0
2017-03-31,0.5009711193581503,0.25,0.25,0.25,0.25,0.0,0.0,0.0,0.0,0.0,0.0,0.0
2017-04-28,0.004881642783729601,0.25,0.25,0.25,0.25,0.0,0.0,0.0,0.0,0.0,0.0,0.0
2017-05-31,0.017118284956373242,0.25,0.25,0.25,0.25,0.0,0.0,0.0,0.0,0.0,0.0,0.0
2017-06-30,1.9999999999999996,0.0,0.0,0.0,0.0,0.0,0.0,0.0,0.0,0.0,0.0,1.0
2017-07-31,0.0,0.0,0.0,0.0,0.0,0.0,0.0,0.0,0.0,0.0,0.0,1.0
2017-08-31,2.0,0.25,0.25,0.25,0.25,0.0,0.0,0.0,0.0,0.0,0.0,0.0
2017-09-29,2.0,0.0,0.0,0.0,0.0,0.0,0.0,0.0,0.0,0.0,0.0,1.0
2017-10-31,2.0,0.25,0.25,0.25,0.25,0.0,0.0,0.0,0.0,0.0,0.0,0.0
2017-11-30,0.014022549421610492,0.25,0.25,0.25,0.25,0.0,0.0,0.0,0.0,0.0,0.0,0.0
2017-12-29,0.5019741821201218,0.25,0.0,0.25,0.25,0.0,0.25,0.0,0.0,0.0,0.0,0.0
2018-01-31,0.5023973973126667,0.25,0.25,0.25,0.25,0.0,0.0,0.0,0.0,0.0,0.0,0.0
2018-02-28,2.0,0.0,0.0,0.0,0.0,0.0,0.0,0.0,0.0,0.0,0.0,1.0
2018-03-29,2.0,0.0,0.25,0.25,0.25,0.0,0.25,0.0,0.0,0.0,0.0,0.0
2018-04-30,2.0,0.0,0.0,0.0,0.0,0.0,0.0,0.0,0.0,0.0,0.0,1.0
2018-05-31,2.0,0.25,0.25,0.0,0.0,0.25,0.25,0.0,0.0,0.0,0.0,0.0
2018-06-29,0.016652132262355762,0.25,0.25,0.0,0.0,0.25,0.25,0.0,0.0,0.0,0.0,0.0
2018-07-31,0.017954486323849578,0.25,0.25,0.0,0.0,0.25,0.25,0.0,0.0,0.0,0.0,0.0
2018-08-31,0.009827226601856726,0.25,0.25,0.0,0.0,0.25,0.25,0.0,0.0,0.0,0.0,0.0
2018-09-28,2.0,0.0,0.0,0.0,0.0,0.0,0.0,0.0,0.0,0.0,0.0,1.0
2018-10-31,0.0,0.0,0.0,0.0,0.0,0.0,0.0,0.0,0.0,0.0,0.0,1.0
2018-11-30,0.0,0.0,0.0,0.0,0.0,0.0,0.0,0.0,0.0,0.0,0.0,1.0
2018-12-31,2.0,0.0,0.0,0.0,0.0,0.0,0.0,1.0,0.0,0.0,0.0,0.0
2019-01-31,1.5,0.0,0.0,0.0,0.25,0.25,0.0,0.25,0.25,0.0,0.0,0.0
2019-02-28,0.5034833014568223,0.25,0.0,0.0,0.0,0.25,0.0,0.25,0.25,0.0,0.0,0.0
2019-03-29,0.01284932859558402,0.25,0.0,0.0,0.0,0.25,0.0,0.25,0.25,0.0,0.0,0.0
2019-04-30,0.5142466335655927,0.25,0.25,0.0,0.0,0.25,0.0,0.0,0.25,0.0,0.0,0.0
2019-05-31,1.0,0.0,0.0,0.0,0.0,0.25,0.0,0.5,0.25,0.0,0.0,0.0
2019-06-28,1.0014053743541964,0.25,0.0,0.25,0.0,0.25,0.0,0.0,0.25,0.0,0.0,0.0
2019-07-31,0.5006224776740373,0.25,0.0,0.0,0.0,0.25,0.0,0.25,0.25,0.0,0.0,0.0
2019-08-30,0.0325166411988381,0.25,0.0,0.0,0.0,0.25,0.0,0.25,0.25,0.0,0.0,0.0
2019-09-30,0.019346387295803374,0.25,0.0,0.0,0.0,0.25,0.0,0.25,0.25,0.0,0.0,0.0
2019-10-31,0.010590994620393424,0.25,0.0,0.0,0.0,0.25,0.0,0.25,0.25,0.0,0.0,0.0
2019-11-29,1.0035511670427404,0.25,0.25,0.25,0.0,0.0,0.0,0.0,0.25,0.0,0.0,0.0
2019-12-31,0.5000000000000001,0.25,0.25,0.25,0.25,0.0,0.0,0.0,0.0,0.0,0.0,0.0
2020-01-31,1.5,0.25,0.0,0.0,0.0,0.25,0.0,0.25,0.25,0.0,0.0,0.0
2020-02-28,0.978206220580375,0.0,0.0,0.0,0.0,0.0,0.0,0.75,0.25,0.0,0.0,0.0
2020-03-31,0.009534336963820389,0.0,0.0,0.0,0.0,0.0,0.0,0.75,0.25,0.0,0.0,0.0
2020-04-30,0.4999999999999999,0.25,0.0,0.0,0.0,0.0,0.0,0.5,0.25,0.0,0.0,0.0
2020-05-29,0.019076441437130387,0.25,0.0,0.0,0.0,0.0,0.0,0.5,0.25,0.0,0.0,0.0
2020-06-30,0.5010552829472785,0.25,0.0,0.0,0.25,0.0,0.0,0.25,0.25,0.0,0.0,0.0
2020-07-31,0.02110492566994779,0.25,0.0,0.0,0.25,0.0,0.0,0.25,0.25,0.0,0.0,0.0
2020-08-31,0.9999999999999998,0.25,0.25,0.25,0.25,0.0,0.0,0.0,0.0,0.0,0.0,0.0
2020-09-30,0.010126198198599418,0.25,0.25,0.25,0.25,0.0,0.0,0.0,0.0,0.0,0.0,0.0
2020-10-30,0.5094810482538317,0.25,0.25,0.0,0.25,0.0,0.0,0.25,0.0,0.0,0.0,0.0
2020-11-30,0.5028354069063772,0.25,0.25,0.25,0.25,0.0,0.0,0.0,0.0,0.0,0.0,0.0
2020-12-31,0.01662121475121789,0.25,0.25,0.25,0.25,0.0,0.0,0.0,0.0,0.0,0.0,0.0
2021-01-29,0.024173492360927945,0.25,0.25,0.25,0.25,0.0,0.0,0.0,0.0,0.0,0.0,0.0
2021-02-26,0.5118251160611216,0.25,0.25,0.0,0.25,0.0,0.25,0.0,0.0,0.0,0.0,0.0
2021-03-31,0.018534979968347104,0.25,0.25,0.0,0.25,0.0,0.25,0.0,0.0,0.0,0.0,0.0
2021-04-30,0.511073404259178,0.25,0.25,0.0,0.0,0.25,0.25,0.0,0.0,0.0,0.0,0.0
2021-05-28,0.01235043323272389,0.25,0.25,0.0,0.0,0.25,0.25,0.0,0.0,0.0,0.0,0.0
2021-06-30,0.005594146409087092,0.25,0.25,0.0,0.0,0.25,0.25,0.0,0.0,0.0,0.0,0.0
2021-07-30,0.02364857673755877,0.25,0.25,0.0,0.0,0.25,0.25,0.0,0.0,0.0,0.0,0.0
2021-08-31,0.015210818863052394,0.25,0.25,0.0,0.0,0.25,0.25,0.0,0.0,0.0,0.0,0.0
2021-09-30,0.03636340860274198,0.25,0.25,0.0,0.0,0.25,0.25,0.0,0.0,0.0,0.0,0.0
2021-10-29,0.011256123180900968,0.25,0.25,0.0,0.0,0.25,0.25,0.0,0.0,0.0,0.0,0.0
2021-11-30,0.5233764377755918,0.25,0.0,0.0,0.0,0.25,0.25,0.0,0.25,0.0,0.0,0.0
2021-12-31,0.5006074784288588,0.25,0.0,0.25,0.0,0.25,0.25,0.0,0.0,0.0,0.0,0.0
2022-01-31,1.9999999999999998,0.0,0.0,0.0,0.0,0.0,0.0,0.0,0.0,0.0,1.0,0.0
2022-02-28,1.5,0.25,0.0,0.0,0.0,0.25,0.25,0.0,0.0,0.0,0.25,0.0
2022-03-31,1.5226242562150356,0.0,0.0,0.0,0.0,0.0,0.0,0.0,0.0,0.0,1.0,0.0
2022-04-29,0.0,0.0,0.0,0.0,0.0,0.0,0.0,0.0,0.0,0.0,1.0,0.0
2022-05-31,0.0,0.0,0.0,0.0,0.0,0.0,0.0,0.0,0.0,0.0,1.0,0.0
2022-06-30,0.0,0.0,0.0,0.0,0.0,0.0,0.0,0.0,0.0,0.0,1.0,0.0
2022-07-29,0.0,0.0,0.0,0.0,0.0,0.0,0.0,0.0,0.0,0.0,1.0,0.0
2022-08-31,0.0,0.0,0.0,0.0,0.0,0.0,0.0,0.0,0.0,0.0,1.0,0.0
2022-09-30,0.0,0.0,0.0,0.0,0.0,0.0,0.0,0.0,0.0,0.0,1.0,0.0
2022-10-31,0.0,0.0,0.0,0.0,0.0,0.0,0.0,0.0,0.0,0.0,1.0,0.0
2022-11-30,0.0,0.0,0.0,0.0,0.0,0.0,0.0,0.0,0.0,0.0,1.0,0.0
2022-12-30,0.0,0.0,0.0,0.0,0.0,0.0,0.0,0.0,0.0,0.0,1.0,0.0
2023-01-31,0.0,0.0,0.0,0.0,0.0,0.0,0.0,0.0,0.0,0.0,1.0,0.0
2023-02-28,0.0,0.0,0.0,0.0,0.0,0.0,0.0,0.0,0.0,0.0,1.0,0.0
2023-03-31,2.0,0.25,0.0,0.25,0.25,0.0,0.0,0.25,0.0,0.0,0.0,0.0
2023-04-28,0.01126105085899845,0.25,0.0,0.25,0.25,0.0,0.0,0.25,0.0,0.0,0.0,0.0
2023-05-31,2.0,0.0,0.0,0.0,0.0,0.0,0.0,0.0,0.0,0.0,1.0,0.0
2023-06-30,0.0,0.0,0.0,0.0,0.0,0.0,0.0,0.0,0.0,0.0,1.0,0.0
2023-07-31,0.0,0.0,0.0,0.0,0.0,0.0,0.0,0.0,0.0,0.0,1.0,0.0
2023-08-31,0.0,0.0,0.0,0.0,0.0,0.0,0.0,0.0,0.0,0.0,1.0,0.0
2023-09-29,0.0,0.0,0.0,0.0,0.0,0.0,0.0,0.0,0.0,0.0,1.0,0.0
2023-10-31,0.0,0.0,0.0,0.0,0.0,0.0,0.0,0.0,0.0,0.0,1.0,0.0
2023-11-30,2.0,0.25,0.0,0.25,0.25,0.25,0.0,0.0,0.0,0.0,0.0,0.0
2023-12-29,0.5073160159007353,0.25,0.25,0.25,0.0,0.25,0.0,0.0,0.0,0.0,0.0,0.0
2024-01-31,0.5099266042222885,0.25,0.25,0.25,0.0,0.0,0.0,0.25,0.0,0.0,0.0,0.0
2024-02-29,0.5000000000000001,0.25,0.25,0.25,0.25,0.0,0.0,0.0,0.0,0.0,0.0,0.0
2024-03-28,0.5000000000000002,0.25,0.25,0.25,0.0,0.25,0.0,0.0,0.0,0.0,0.0,0.0
2024-04-30,2.0,0.0,0.0,0.0,0.0,0.0,0.0,0.0,0.0,0.0,1.0,0.0
2024-05-31,2.0,0.25,0.25,0.25,0.25,0.0,0.0,0.0,0.0,0.0,0.0,0.0
2024-06-28,0.5130233213431254,0.25,0.0,0.25,0.25,0.0,0.25,0.0,0.0,0.0,0.0,0.0
2024-07-31,0.9999999999999997,0.25,0.25,0.25,0.0,0.25,0.0,0.0,0.0,0.0,0.0,0.0
2024-08-30,0.019410926953199792,0.25,0.25,0.25,0.0,0.25,0.0,0.0,0.0,0.0,0.0,0.0
2024-09-30,0.5049425310570137,0.25,0.25,0.0,0.25,0.25,0.0,0.0,0.0,0.0,0.0,0.0
2024-10-31,0.010534742439451489,0.25,0.25,0.0,0.25,0.25,0.0,0.0,0.0,0.0,0.0,0.0
2024-11-29,0.0369148214726184,0.25,0.25,0.0,0.25,0.25,0.0,0.0,0.0,0.0,0.0,0.0
2024-12-31,2.0,0.0,0.0,0.0,0.0,0.0,0.0,0.0,0.0,0.0,1.0,0.0
2025-01-31,2.0,0.25,0.25,0.25,0.25,0.0,0.0,0.0,0.0,0.0,0.0,0.0
2025-02-28,0.5033764898982834,0.25,0.0,0.25,0.25,0.25,0.0,0.0,0.0,0.0,0.0,0.0
2025-03-31,1.0000000000000004,0.0,0.0,0.25,0.25,0.0,0.25,0.25,0.0,0.0,0.0,0.0
2025-04-30,0.5,0.0,0.0,0.25,0.25,0.25,0.0,0.25,0.0,0.0,0.0,0.0
2025-05-30,0.516702059381122,0.25,0.0,0.25,0.25,0.0,0.0,0.25,0.0,0.0,0.0,0.0
2025-06-30,0.5078747019000451,0.25,0.25,0.25,0.25,0.0,0.0,0.0,0.0,0.0,0.0,0.0
2025-07-31,0.5135522207587826,0.25,0.0,0.25,0.25,0.0,0.25,0.0,0.0,0.0,0.0,0.0
2025-08-29,0.5001817015625465,0.25,0.25,0.25,0.25,0.0,0.0,0.0,0.0,0.0,0.0,0.0
2025-09-30,0.015018340445034722,0.25,0.25,0.25,0.25,0.0,0.0,0.0,0.0,0.0,0.0,0.0
2025-10-31,0.0072816632156565975,0.25,0.25,0.25,0.25,0.0,0.0,0.0,0.0,0.0,0.0,0.0
2025-11-28,0.00909039874461176,0.25,0.25,0.25,0.25,0.0,0.0,0.0,0.0,0.0,0.0,0.0
2025-12-31,0.013604264217029066,0.25,0.25,0.25,0.25,0.0,0.0,0.0,0.0,0.0,0.0,0.0
2026-01-30,0.5003142829669505,0.0,0.25,0.25,0.25,0.0,0.25,0.0,0.0,0.0,0.0,0.0
2026-02-27,0.017059978281923488,0.0,0.25,0.25,0.25,0.0,0.25,0.0,0.0,0.0,0.0,0.0
2026-03-31,0.08920261943683497,0.0,0.25,0.25,0.25,0.0,0.25,0.0,0.0,0.0,0.0,0.0
2026-04-30,0.5104644788506778,0.25,0.25,0.0,0.25,0.0,0.25,0.0,0.0,0.0,0.0,0.0
2026-05-29,0.0384456605437139,0.25,0.25,0.0,0.25,0.0,0.25,0.0,0.0,0.0,0.0,0.0
2026-06-30,0.5000000000000002,0.25,0.25,0.25,0.25,0.0,0.0,0.0,0.0,0.0,0.0,0.0
2026-07-31,0.5282068727000554,0.0,0.25,0.25,0.25,0.0,0.25,0.0,0.0,0.0,0.0,0.0
2026-08-31,2.0,0.0,0.0,0.0,0.0,0.0,0.0,0.0,0.0,0.0,1.0,0.0
2026-09-30,0.0,0.0,0.0,0.0,0.0,0.0,0.0,0.0,0.0,0.0,1.0,0.0
