signal_date,date,execution,traded_notional,equity_at_entry,SPY,IWM,EFA,EEM,VNQ,PDBC,IEF,TLT,TIP,SGOV,BIL
2015-11-30,2015-12-01,next-session open,1.0,0.999,0.0,0.0,0.0,0.0,0.0,0.0,1.0,0.0,0.0,0.0,0.0
2015-12-31,2016-01-04,next-session open,0.0,0.9991361022414026,0.0,0.0,0.0,0.0,0.0,0.0,1.0,0.0,0.0,0.0,0.0
2016-01-29,2016-02-01,next-session open,0.0,1.0262482824492047,0.0,0.0,0.0,0.0,0.0,0.0,1.0,0.0,0.0,0.0,0.0
2016-02-29,2016-03-01,next-session open,0.5,1.0435253582634907,0.0,0.0,0.0,0.0,0.0,0.0,0.75,0.25,0.0,0.0,0.0
2016-03-31,2016-04-01,next-session open,1.5000000000000002,1.041461181872397,0.25,0.0,0.0,0.25,0.25,0.0,0.0,0.25,0.0,0.0,0.0
2016-04-29,2016-05-02,next-session open,0.5190937063115262,1.0410962994552484,0.25,0.0,0.0,0.0,0.25,0.0,0.25,0.25,0.0,0.0,0.0
2016-05-31,2016-06-01,next-session open,0.0057048211199054455,1.0543169810226465,0.25,0.0,0.0,0.0,0.25,0.0,0.25,0.25,0.0,0.0,0.0
2016-06-30,2016-07-01,next-session open,0.5077355884501612,1.105503506346759,0.0,0.0,0.0,0.0,0.25,0.25,0.25,0.25,0.0,0.0,0.0
2016-07-29,2016-08-01,next-session open,0.9999999999999996,1.0907311148668186,0.0,0.25,0.0,0.25,0.25,0.0,0.0,0.25,0.0,0.0,0.0
2016-08-31,2016-09-01,next-session open,0.016794613724647772,1.0861569782523233,0.0,0.25,0.0,0.25,0.25,0.0,0.0,0.25,0.0,0.0,0.0
2016-09-30,2016-10-03,next-session open,0.5138796757056621,1.0856870520100241,0.25,0.25,0.0,0.25,0.25,0.0,0.0,0.0,0.0,0.0,0.0
2016-10-31,2016-11-01,next-session open,0.5066420434658069,1.0538304031228327,0.25,0.25,0.0,0.25,0.0,0.25,0.0,0.0,0.0,0.0,0.0
2016-11-30,2016-12-01,next-session open,0.04510967571464494,1.0845066517278987,0.25,0.25,0.0,0.25,0.0,0.25,0.0,0.0,0.0,0.0,0.0
2016-12-30,2017-01-03,next-session open,0.00918780651203982,1.107857232194906,0.25,0.25,0.0,0.25,0.0,0.25,0.0,0.0,0.0,0.0,0.0
2017-01-31,2017-02-01,next-session open,0.018811925989964562,1.1310208425017594,0.25,0.25,0.0,0.25,0.0,0.25,0.0,0.0,0.0,0.0,0.0
2017-02-28,2017-03-01,next-session open,0.01267321009055089,1.1575671312255504,0.25,0.25,0.0,0.25,0.0,0.25,0.0,0.0,0.0,0.0,0.0
2017-03-31,2017-04-03,next-session open,0.5030139877264652,1.1513458074418823,0.25,0.25,0.25,0.25,0.0,0.0,0.0,0.0,0.0,0.0,0.0
2017-04-28,2017-05-01,next-session open,0.005673827279922994,1.1719881227663196,0.25,0.25,0.25,0.25,0.0,0.0,0.0,0.0,0.0,0.0,0.0
2017-05-31,2017-06-01,next-session open,0.01725287629674896,1.1882930567910164,0.25,0.25,0.25,0.25,0.0,0.0,0.0,0.0,0.0,0.0,0.0
2017-06-30,2017-07-03,next-session open,2.0,1.2015031523251563,0.0,0.0,0.0,0.0,0.0,0.0,0.0,0.0,0.0,0.0,1.0
2017-07-31,2017-08-01,next-session open,0.0,1.2020817111592397,0.0,0.0,0.0,0.0,0.0,0.0,0.0,0.0,0.0,0.0,1.0
2017-08-31,2017-09-01,next-session open,2.0,1.2010693003713393,0.25,0.25,0.25,0.25,0.0,0.0,0.0,0.0,0.0,0.0,0.0
2017-09-29,2017-10-02,next-session open,1.9999999999999996,1.2267590112926459,0.0,0.0,0.0,0.0,0.0,0.0,0.0,0.0,0.0,0.0,1.0
2017-10-31,2017-11-01,next-session open,2.0,1.2252428064579202,0.25,0.25,0.25,0.25,0.0,0.0,0.0,0.0,0.0,0.0,0.0
2017-11-30,2017-12-01,next-session open,0.015065069364606803,1.2328632362191725,0.25,0.25,0.25,0.25,0.0,0.0,0.0,0.0,0.0,0.0,0.0
2017-12-29,2018-01-02,next-session open,0.5051972473248514,1.2625626347663979,0.25,0.0,0.25,0.25,0.0,0.25,0.0,0.0,0.0,0.0,0.0
2018-01-31,2018-02-01,next-session open,0.5000000000000002,1.3186588677355113,0.25,0.25,0.25,0.25,0.0,0.0,0.0,0.0,0.0,0.0,0.0
2018-02-28,2018-03-01,next-session open,1.9999999999999998,1.2604602292049498,0.0,0.0,0.0,0.0,0.0,0.0,0.0,0.0,0.0,0.0,1.0
2018-03-29,2018-04-02,next-session open,2.0,1.2596598405569508,0.0,0.25,0.25,0.25,0.0,0.25,0.0,0.0,0.0,0.0,0.0
2018-04-30,2018-05-01,next-session open,2.0,1.2673916655197102,0.0,0.0,0.0,0.0,0.0,0.0,0.0,0.0,0.0,0.0,1.0
2018-05-31,2018-06-01,next-session open,2.0,1.2668765200424634,0.25,0.25,0.0,0.0,0.25,0.25,0.0,0.0,0.0,0.0,0.0
2018-06-29,2018-07-02,next-session open,0.02177403024667271,1.2709163096656713,0.25,0.25,0.0,0.0,0.25,0.25,0.0,0.0,0.0,0.0,0.0
2018-07-31,2018-08-01,next-session open,0.024138958487988776,1.28216739363059,0.25,0.25,0.0,0.0,0.25,0.25,0.0,0.0,0.0,0.0,0.0
2018-08-31,2018-09-04,next-session open,0.006104940422857502,1.3213033953891542,0.25,0.25,0.0,0.0,0.25,0.25,0.0,0.0,0.0,0.0,0.0
2018-09-28,2018-10-01,next-session open,2.0,1.3203443838249855,0.0,0.0,0.0,0.0,0.0,0.0,0.0,0.0,0.0,0.0,1.0
2018-10-31,2018-11-01,next-session open,0.0,1.322799126291947,0.0,0.0,0.0,0.0,0.0,0.0,0.0,0.0,0.0,0.0,1.0
2018-11-30,2018-12-03,next-session open,0.0,1.3249257643214445,0.0,0.0,0.0,0.0,0.0,0.0,0.0,0.0,0.0,0.0,1.0
2018-12-31,2019-01-02,next-session open,2.0,1.3248805587890515,0.0,0.0,0.0,0.0,0.0,0.0,1.0,0.0,0.0,0.0,0.0
2019-01-31,2019-02-01,next-session open,1.5,1.3277073488821642,0.0,0.0,0.0,0.25,0.25,0.0,0.25,0.25,0.0,0.0,0.0
2019-02-28,2019-03-01,next-session open,0.5065498297891313,1.3219526703722269,0.25,0.0,0.0,0.0,0.25,0.0,0.25,0.25,0.0,0.0,0.0
2019-03-29,2019-04-01,next-session open,0.012466457216945392,1.3684119852292715,0.25,0.0,0.0,0.0,0.25,0.0,0.25,0.25,0.0,0.0,0.0
2019-04-30,2019-05-01,next-session open,0.5116329151341088,1.3745784905213347,0.25,0.25,0.0,0.0,0.25,0.0,0.0,0.25,0.0,0.0,0.0
2019-05-31,2019-06-03,next-session open,0.9999999999999999,1.3487299347709172,0.0,0.0,0.0,0.0,0.25,0.0,0.5,0.25,0.0,0.0,0.0
2019-06-28,2019-07-01,next-session open,1.0022878860003062,1.3630127509295529,0.25,0.0,0.25,0.0,0.25,0.0,0.0,0.25,0.0,0.0,0.0
2019-07-31,2019-08-01,next-session open,0.4999999999999999,1.360621527999661,0.25,0.0,0.0,0.0,0.25,0.0,0.25,0.25,0.0,0.0,0.0
2019-08-30,2019-09-03,next-session open,0.031674805730119326,1.4134315556850954,0.25,0.0,0.0,0.0,0.25,0.0,0.25,0.25,0.0,0.0,0.0
2019-09-30,2019-10-01,next-session open,0.02569728839232474,1.4112992392218588,0.25,0.0,0.0,0.0,0.25,0.0,0.25,0.25,0.0,0.0,0.0
2019-10-31,2019-11-01,next-session open,0.008580638890930525,1.4252355966290025,0.25,0.0,0.0,0.0,0.25,0.0,0.25,0.25,0.0,0.0,0.0
2019-11-29,2019-12-02,next-session open,1.0067089585311733,1.419040146384247,0.25,0.25,0.25,0.0,0.0,0.0,0.0,0.25,0.0,0.0,0.0
2019-12-31,2020-01-02,next-session open,0.4999999999999999,1.4524710335233513,0.25,0.25,0.25,0.25,0.0,0.0,0.0,0.0,0.0,0.0,0.0
2020-01-31,2020-02-03,next-session open,1.5,1.4023354607116931,0.25,0.0,0.0,0.0,0.25,0.0,0.25,0.25,0.0,0.0,0.0
2020-02-28,2020-03-02,next-session open,0.9774420739454993,1.3886339809111161,0.0,0.0,0.0,0.0,0.0,0.0,0.75,0.25,0.0,0.0,0.0
2020-03-31,2020-04-01,next-session open,0.016486573371987334,1.4604787549717362,0.0,0.0,0.0,0.0,0.0,0.0,0.75,0.25,0.0,0.0,0.0
2020-04-30,2020-05-01,next-session open,0.5010499210291142,1.4561967517976078,0.25,0.0,0.0,0.0,0.0,0.0,0.5,0.25,0.0,0.0,0.0
2020-05-29,2020-06-01,next-session open,0.02781391610121614,1.46794719125099,0.25,0.0,0.0,0.0,0.0,0.0,0.5,0.25,0.0,0.0,0.0
2020-06-30,2020-07-01,next-session open,0.500959986967546,1.4782036112526493,0.25,0.0,0.0,0.25,0.0,0.0,0.25,0.25,0.0,0.0,0.0
2020-07-31,2020-08-03,next-session open,0.02184018987734576,1.5486665160514632,0.25,0.0,0.0,0.25,0.0,0.0,0.25,0.25,0.0,0.0,0.0
2020-08-31,2020-09-01,next-session open,1.0000000000000002,1.5664122179204494,0.25,0.25,0.25,0.25,0.0,0.0,0.0,0.0,0.0,0.0,0.0
2020-09-30,2020-10-01,next-session open,0.007380442130076853,1.5333903121900103,0.25,0.25,0.25,0.25,0.0,0.0,0.0,0.0,0.0,0.0,0.0
2020-10-30,2020-11-02,next-session open,0.5100105003628864,1.5292316752189177,0.25,0.25,0.0,0.25,0.0,0.0,0.25,0.0,0.0,0.0,0.0
2020-11-30,2020-12-01,next-session open,0.49999999999999967,1.6769542108644935,0.25,0.25,0.25,0.25,0.0,0.0,0.0,0.0,0.0,0.0,0.0
2020-12-31,2021-01-04,next-session open,0.015927908782858102,1.7755519512655935,0.25,0.25,0.25,0.25,0.0,0.0,0.0,0.0,0.0,0.0,0.0
2021-01-29,2021-02-01,next-session open,0.026340889042283794,1.806071279712096,0.25,0.25,0.25,0.25,0.0,0.0,0.0,0.0,0.0,0.0,0.0
2021-02-26,2021-03-01,next-session open,0.5136745125414365,1.8659607243316505,0.25,0.25,0.0,0.25,0.0,0.25,0.0,0.0,0.0,0.0,0.0
2021-03-31,2021-04-01,next-session open,0.01539175669501791,1.8764721406697733,0.25,0.25,0.0,0.25,0.0,0.25,0.0,0.0,0.0,0.0,0.0
2021-04-30,2021-05-03,next-session open,0.5073817939412193,1.944795749068615,0.25,0.25,0.0,0.0,0.25,0.25,0.0,0.0,0.0,0.0,0.0
2021-05-28,2021-06-01,next-session open,0.01597915770541214,1.976661902078071,0.25,0.25,0.0,0.0,0.25,0.25,0.0,0.0,0.0,0.0,0.0
2021-06-30,2021-07-01,next-session open,0.00580050194893128,2.0224602700835157,0.25,0.25,0.0,0.0,0.25,0.25,0.0,0.0,0.0,0.0,0.0
2021-07-30,2021-08-02,next-session open,0.02790491692234731,2.040477524590461,0.25,0.25,0.0,0.0,0.25,0.25,0.0,0.0,0.0,0.0,0.0
2021-08-31,2021-09-01,next-session open,0.01785676338708367,2.0606519388201225,0.25,0.25,0.0,0.0,0.25,0.25,0.0,0.0,0.0,0.0,0.0
2021-09-30,2021-10-01,next-session open,0.04005541363928139,2.028895795077882,0.25,0.25,0.0,0.0,0.25,0.25,0.0,0.0,0.0,0.0,0.0
2021-10-29,2021-11-01,next-session open,0.00880387118421283,2.1469229371362877,0.25,0.25,0.0,0.0,0.25,0.25,0.0,0.0,0.0,0.0,0.0
2021-11-30,2021-12-01,next-session open,0.5254743448371839,2.0833179919999716,0.25,0.0,0.0,0.0,0.25,0.25,0.0,0.25,0.0,0.0,0.0
2021-12-31,2022-01-03,next-session open,0.5007696496089511,2.159271439763935,0.25,0.0,0.25,0.0,0.25,0.25,0.0,0.0,0.0,0.0,0.0
2022-01-31,2022-02-01,next-session open,2.0000000000000004,2.1016734461902558,0.0,0.0,0.0,0.0,0.0,0.0,0.0,0.0,0.0,1.0,0.0
2022-02-28,2022-03-01,next-session open,1.5,2.0989823348396293,0.25,0.0,0.0,0.0,0.25,0.25,0.0,0.0,0.0,0.25,0.0
2022-03-31,2022-04-01,next-session open,1.5207653559305434,2.1869947706276083,0.0,0.0,0.0,0.0,0.0,0.0,0.0,0.0,0.0,1.0,0.0
2022-04-29,2022-05-02,next-session open,0.0,2.187541547319073,0.0,0.0,0.0,0.0,0.0,0.0,0.0,0.0,0.0,1.0,0.0
2022-05-31,2022-06-01,next-session open,0.0,2.1888751246510827,0.0,0.0,0.0,0.0,0.0,0.0,0.0,0.0,0.0,1.0,0.0
2022-06-30,2022-07-01,next-session open,0.0,2.1903846112150767,0.0,0.0,0.0,0.0,0.0,0.0,0.0,0.0,0.0,1.0,0.0
2022-07-29,2022-08-01,next-session open,0.0,2.192487936459514,0.0,0.0,0.0,0.0,0.0,0.0,0.0,0.0,0.0,1.0,0.0
2022-08-31,2022-09-01,next-session open,0.0,2.1968289514064425,0.0,0.0,0.0,0.0,0.0,0.0,0.0,0.0,0.0,1.0,0.0
2022-09-30,2022-10-03,next-session open,0.0,2.2015925483391285,0.0,0.0,0.0,0.0,0.0,0.0,0.0,0.0,0.0,1.0,0.0
2022-10-31,2022-11-01,next-session open,0.0,2.206013759867359,0.0,0.0,0.0,0.0,0.0,0.0,0.0,0.0,0.0,1.0,0.0
2022-11-30,2022-12-01,next-session open,0.0,2.2133560468731,0.0,0.0,0.0,0.0,0.0,0.0,0.0,0.0,0.0,1.0,0.0
2022-12-30,2023-01-03,next-session open,0.0,2.2210430907025356,0.0,0.0,0.0,0.0,0.0,0.0,0.0,0.0,0.0,1.0,0.0
2023-01-31,2023-02-01,next-session open,0.0,2.228674627738881,0.0,0.0,0.0,0.0,0.0,0.0,0.0,0.0,0.0,1.0,0.0
2023-02-28,2023-03-01,next-session open,0.0,2.2362000730553966,0.0,0.0,0.0,0.0,0.0,0.0,0.0,0.0,0.0,1.0,0.0
2023-03-31,2023-04-03,next-session open,2.0,2.241353970549966,0.25,0.0,0.25,0.25,0.0,0.0,0.25,0.0,0.0,0.0,0.0
2023-04-28,2023-05-01,next-session open,0.01252242434083431,2.262404690430158,0.25,0.0,0.25,0.25,0.0,0.0,0.25,0.0,0.0,0.0,0.0
2023-05-31,2023-06-01,next-session open,1.9999999999999996,2.226474988657995,0.0,0.0,0.0,0.0,0.0,0.0,0.0,0.0,0.0,1.0,0.0
2023-06-30,2023-07-03,next-session open,0.0,2.236185622287449,0.0,0.0,0.0,0.0,0.0,0.0,0.0,0.0,0.0,1.0,0.0
2023-07-31,2023-08-01,next-session open,0.0,2.2451556347763932,0.0,0.0,0.0,0.0,0.0,0.0,0.0,0.0,0.0,1.0,0.0
2023-08-31,2023-09-01,next-session open,0.0,2.2561594078242675,0.0,0.0,0.0,0.0,0.0,0.0,0.0,0.0,0.0,1.0,0.0
2023-09-29,2023-10-02,next-session open,0.0,2.26543084809648,0.0,0.0,0.0,0.0,0.0,0.0,0.0,0.0,0.0,1.0,0.0
2023-10-31,2023-11-01,next-session open,0.0,2.2754183536607955,0.0,0.0,0.0,0.0,0.0,0.0,0.0,0.0,0.0,1.0,0.0
2023-11-30,2023-12-01,next-session open,2.0,2.2816944740100764,0.25,0.0,0.25,0.25,0.25,0.0,0.0,0.0,0.0,0.0,0.0
2023-12-29,2024-01-02,next-session open,0.5098736062878125,2.398768848074772,0.25,0.25,0.25,0.0,0.25,0.0,0.0,0.0,0.0,0.0,0.0
2024-01-31,2024-02-01,next-session open,0.5080076699714412,2.37437571248287,0.25,0.25,0.25,0.0,0.0,0.0,0.25,0.0,0.0,0.0,0.0
2024-02-29,2024-03-01,next-session open,0.4999999999999997,2.4376205059286433,0.25,0.25,0.25,0.25,0.0,0.0,0.0,0.0,0.0,0.0,0.0
2024-03-28,2024-04-01,next-session open,0.500810937519792,2.5079969639202697,0.25,0.25,0.25,0.0,0.25,0.0,0.0,0.0,0.0,0.0,0.0
2024-04-30,2024-05-01,next-session open,1.9999999999999998,2.3603395186812937,0.0,0.0,0.0,0.0,0.0,0.0,0.0,0.0,0.0,1.0,0.0
2024-05-31,2024-06-03,next-session open,2.0,2.366424018715835,0.25,0.25,0.25,0.25,0.0,0.0,0.0,0.0,0.0,0.0,0.0
2024-06-28,2024-07-01,next-session open,0.5105135580307048,2.3772899754780537,0.25,0.0,0.25,0.25,0.0,0.25,0.0,0.0,0.0,0.0,0.0
2024-07-31,2024-08-01,next-session open,1.0,2.3652487624581684,0.25,0.25,0.25,0.0,0.25,0.0,0.0,0.0,0.0,0.0,0.0
2024-08-30,2024-09-03,next-session open,0.02148672959486106,2.403951499897847,0.25,0.25,0.25,0.0,0.25,0.0,0.0,0.0,0.0,0.0,0.0
2024-09-30,2024-10-01,next-session open,0.5049280290213449,2.4577072735030527,0.25,0.25,0.0,0.25,0.25,0.0,0.0,0.0,0.0,0.0,0.0
2024-10-31,2024-11-01,next-session open,0.013261944259582964,2.4174178845245122,0.25,0.25,0.0,0.25,0.25,0.0,0.0,0.0,0.0,0.0,0.0
2024-11-29,2024-12-02,next-session open,0.03828858525508605,2.513269608300274,0.25,0.25,0.0,0.25,0.25,0.0,0.0,0.0,0.0,0.0,0.0
2024-12-31,2025-01-02,next-session open,1.9999999999999996,2.3870930742457923,0.0,0.0,0.0,0.0,0.0,0.0,0.0,0.0,0.0,1.0,0.0
2025-01-31,2025-02-03,next-session open,2.0,2.390701148842301,0.25,0.25,0.25,0.25,0.0,0.0,0.0,0.0,0.0,0.0,0.0
2025-02-28,2025-03-03,next-session open,0.506915533938594,2.437352028744353,0.25,0.0,0.25,0.25,0.25,0.0,0.0,0.0,0.0,0.0,0.0
2025-03-31,2025-04-01,next-session open,0.9999999999999996,2.374569053465522,0.0,0.0,0.25,0.25,0.0,0.25,0.25,0.0,0.0,0.0,0.0
2025-04-30,2025-05-01,next-session open,0.5,2.351465772846894,0.0,0.0,0.25,0.25,0.25,0.0,0.25,0.0,0.0,0.0,0.0
2025-05-30,2025-06-02,next-session open,0.5167120644387995,2.391685487870939,0.25,0.0,0.25,0.25,0.0,0.0,0.25,0.0,0.0,0.0,0.0
2025-06-30,2025-07-01,next-session open,0.5098377295377405,2.484576671155778,0.25,0.25,0.25,0.25,0.0,0.0,0.0,0.0,0.0,0.0,0.0
2025-07-31,2025-08-01,next-session open,0.5108645515591013,2.485583451101271,0.25,0.0,0.25,0.25,0.0,0.25,0.0,0.0,0.0,0.0,0.0
2025-08-29,2025-09-02,next-session open,0.4999999999999996,2.5266491729926335,0.25,0.25,0.25,0.25,0.0,0.0,0.0,0.0,0.0,0.0,0.0
2025-09-30,2025-10-01,next-session open,0.015294088480675233,2.659022669003966,0.25,0.25,0.25,0.25,0.0,0.0,0.0,0.0,0.0,0.0,0.0
2025-10-31,2025-11-03,next-session open,0.010379348832943669,2.727886788850102,0.25,0.25,0.25,0.25,0.0,0.0,0.0,0.0,0.0,0.0,0.0
2025-11-28,2025-12-01,next-session open,0.009846228793105566,2.7031126771221485,0.25,0.25,0.25,0.25,0.0,0.0,0.0,0.0,0.0,0.0,0.0
2025-12-31,2026-01-02,next-session open,0.015254616163913104,2.7791466773211524,0.25,0.25,0.25,0.25,0.0,0.0,0.0,0.0,0.0,0.0,0.0
2026-01-30,2026-02-02,next-session open,0.4999999999999996,2.8730813846495145,0.0,0.25,0.25,0.25,0.0,0.25,0.0,0.0,0.0,0.0,0.0
2026-02-27,2026-03-02,next-session open,0.028478126539612347,2.980938288514118,0.0,0.25,0.25,0.25,0.0,0.25,0.0,0.0,0.0,0.0,0.0
2026-03-31,2026-04-01,next-session open,0.05792508948370015,2.967142160671752,0.0,0.25,0.25,0.25,0.0,0.25,0.0,0.0,0.0,0.0,0.0
2026-04-30,2026-05-01,next-session open,0.5047273119098731,3.2215614357155604,0.25,0.25,0.0,0.25,0.0,0.25,0.0,0.0,0.0,0.0,0.0
2026-05-29,2026-06-01,next-session open,0.030518783262239307,3.3356187051993937,0.25,0.25,0.0,0.25,0.0,0.25,0.0,0.0,0.0,0.0,0.0
2026-06-30,2026-07-01,next-session open,0.5012531944053276,3.240088001349035,0.25,0.25,0.25,0.25,0.0,0.0,0.0,0.0,0.0,0.0,0.0
2026-07-31,2026-08-03,next-session open,0.5258748002624843,3.206692160002254,0.0,0.25,0.25,0.25,0.0,0.25,0.0,0.0,0.0,0.0,0.0
2026-08-31,2026-09-01,next-session open,2.0,3.3270503342456044,0.0,0.0,0.0,0.0,0.0,0.0,0.0,0.0,0.0,1.0,0.0
