sample,strategy,start,end,CAGR,volatility,max_drawdown_daily,ending_10000,positive_months,months
exact_etfs,HAA gross,2015-11-30,2026-09-30,0.12525128220189252,0.0838881304837663,-0.12984000331160028,35908.98215876066,0.7846153846153846,130
exact_etfs,HAA net 5bp,2015-11-30,2026-09-30,0.1214377279304728,0.08391134953028821,-0.13225027409206047,34612.337494870604,0.7538461538461538,130
exact_etfs,HAA net 10bp,2015-11-30,2026-09-30,0.11763437095089757,0.08395258343539859,-0.13465587526940115,33361.631738866374,0.7538461538461538,130
exact_etfs,HAA MOC comparison 5bp,2015-11-30,2026-09-30,0.11967188695679654,0.08400093628724399,-0.14994264385049216,34026.456000748214,0.7692307692307693,130
exact_etfs,SPY,2015-11-30,2026-09-30,0.14543188383010097,0.15012726114157207,-0.3371726378600285,43534.517414579284,0.7,130
exact_etfs,60 SPY 40 IEF,2015-11-30,2026-09-30,0.09161902564798452,0.09774278010585748,-0.2120087108642611,25848.59111333112,0.6923076923076923,130
extended_dbc_proxy,HAA gross,2008-05-30,2026-09-30,0.101125705179129,0.09247812948882382,-0.13154597731888784,58480.335290379,0.7045454545454546,220
extended_dbc_proxy,HAA net 5bp,2008-05-30,2026-09-30,0.09738632470428121,0.09251988712645706,-0.13155940164988034,54944.59424328146,0.6818181818181818,220
extended_dbc_proxy,HAA net 10bp,2008-05-30,2026-09-30,0.09365713222073202,0.09257622990441584,-0.13202434379928984,51620.45259171672,0.6727272727272727,220
extended_dbc_proxy,HAA MOC comparison 5bp,2008-05-30,2026-09-30,0.10099710294955933,0.091813748635834,-0.14765146572081067,58355.24507150104,0.6772727272727272,220
extended_dbc_proxy,SPY,2008-05-30,2026-09-30,0.11725362989190624,0.1565543036179073,-0.5069912724650212,76345.33927507684,0.6727272727272727,220
extended_dbc_proxy,60 SPY 40 IEF,2008-05-30,2026-09-30,0.08407348316128593,0.09704785142022071,-0.30750186416791925,43928.18183046431,0.6681818181818182,220
